role_family,contributing_sources,n_sources,total_distinct_skills_found,top_skills
AI Developer,stackoverflow_india,1,216,Python (53); MySQL (41); Amazon Web Services (AWS) (40); JavaScript (38); Pip (37); SQL (35); Torch/PyTorch (35); NumPy (35); Pandas (35); scikit-learn (34)
Backend Developer,stackoverflow_india,1,212,Amazon Web Services (AWS) (391); MySQL (384); PostgreSQL (351); Docker (343); JavaScript (342); SQL (342); Python (322); Java (284); MongoDB (260); npm (252)
Business Analyst,archive3;archive4;naukri_datacsv,3,995,Business Analysis (298); Data Analysis (103); Analytical (71); IT Skills (51); SQL (49); Project management (47); Data Management (43); Agile (39); Testing (31); Business intelligence (30)
Business Intelligence Analyst,archive3;archive4,2,106,Data Analysis (15); Business intelligence (10); Tableau (8); Power BI (8); Analytical (7); Python (7); Business Intelligence Analyst (6); SQL (5); Business Analysis (5); Data Science (4)
Cloud Infrastructure Engineer,stackoverflow_india,1,151,Python (20); JavaScript (19); Docker (18); Amazon Web Services (AWS) (16); Kubernetes (15); SQL (15); npm (14); HTML/CSS (14); PostgreSQL (14); MySQL (13)
Data Analyst,archive3;archive4;stackoverflow_india,3,808,Data Analysis (360); SQL (102); Python (94); IT Skills (79); Excel (76); Analytical (73); Tableau (61); Data Mining (58); Power BI (51); Business Analysis (50)
Data Architect,archive3;archive4,2,132,IT Skills (10); Big Data (9); Cloud (9); Data Modeling (7); Azure (6); Data Analysis (6); Data Management (5); Data Architect (5); Hadoop (5); Data quality (4)
Data Engineer,archive3;archive4;stackoverflow_india,3,1002,Python (296); SQL (183); IT Skills (152); Java (120); Big Data (110); AWS (109); Spark (106); Scala (85); Cloud (84); Azure (82)
Data Scientist,archive3;archive4;stackoverflow_india,3,869,Machine Learning (358); Python (334); Data Science (214); IT Skills (153); SQL (135); Computer science (132); Data Analysis (117); Data Mining (108); Analytical (96); R (84)
Database Administrator (DBA),naukri_datacsv;stackoverflow_india,2,571,Database Administration (35); Performance Tuning (33); SQL (33); Oracle DBA (21); Oracle (21); Python (19); MySQL (19); Linux (18); Java (14); Database design (14)
DevOps Engineer,archive3;stackoverflow_india,2,192,Python (46); Docker (43); Amazon Web Services (AWS) (40); Kubernetes (32); Terraform (32); Pip (29); Google Cloud (28); PostgreSQL (26); MySQL (26); JavaScript (24)
Embedded Developer,naukri_datacsv;stackoverflow_india,2,193,C (48); C++ (39); Python (39); Make (29); Pip (24); Docker (23); HTML/CSS (19); Bash/Shell (all shells) (19); JavaScript (19); SQLite (18)
Engineering Manager,archive3;archive4,2,68,Project management (4); Computer science (3); Product management (3); Agile (2); Machine Learning (2); Management (2); Node.js (2); Architect (2); Manager Technology (2); Java (2)
Frontend Developer,stackoverflow_india,1,172,JavaScript (274); HTML/CSS (232); React (210); npm (202); TypeScript (167); Node.js (152); Webpack (116); MongoDB (111); Next.js (111); MySQL (110)
Full-Stack Developer,stackoverflow_india,1,215,JavaScript (1098); HTML/CSS (914); npm (835); MySQL (769); React (766); Node.js (734); SQL (724); TypeScript (679); Amazon Web Services (AWS) (643); MongoDB (638)
Graphic / Web Designer,naukri_datacsv,1,369,Photoshop (82); HTML (77); Illustrator (65); JavaScript (63); CSS (51); Web Technologies (42); jQuery (39); Web designing (29); UX (22); WordPress (20)
IT / Technical Content Developer,naukri_datacsv,1,134,JavaScript (18); HTML (18); C (17); C++ (17); design (17); MySQL (17); Content Writing (10); integration PHP (6); Technical product configuration (6); SEO (6)
IT / Technology Leadership (CTO/VP),naukri_datacsv,1,121,SQL (5); JavaScript (3); Python (3); Oracle (3); Computer science (3); Healthcare (2); Android (2); Continuous improvement (2); .NET (2); PMP (2)
Machine Learning Engineer,archive3;archive4,2,99,Machine Learning (31); Python (20); IT Skills (10); Data Science (9); Java (5); Algorithms (5); deep learning (5); Computer science (5); Big Data (4); TensorFlow (4)
Mobile Developer,stackoverflow_india,1,162,SQLite (140); Firebase (133); Kotlin (123); Java (121); Flutter (116); Swift (116); Dart (102); Gradle (93); JavaScript (90); MySQL (85)
Network Administrator,naukri_datacsv,1,384,Networking (40); CCNA (18); Network security (16); WAN (15); Firewall (15); Troubleshooting (15); cisco (14); DNS (14); LAN (13); Linux (10)
Product / Research Analyst,archive3,1,292,Data Analysis (56); Product Analyst (26); Analytical (26); Market research (21); Data collection (20); Research Analyst (13); Data Mining (12); Research Analysis (11); data visualization (10); Primary research (10)
Product Manager,archive3;naukri_datacsv,2,452,Product management (51); Project management (19); Agile (17); product development (13); Product Manager (13); Computer science (12); JavaScript (9); Scrum (9); Analytical (9); HTML (7)
Project / Program Manager (IT),archive4;naukri_datacsv,2,1035,Project management (135); PMP (43); Agile (37); Project planning (30); Management (27); Java (25); Program Management (23); SQL (21); Monitoring (21); .NET (20)
Site Reliability Engineer,stackoverflow_india,1,193,Python (10); Pip (9); Amazon Web Services (AWS) (9); Docker (8); PostgreSQL (8); SQL (7); Bash/Shell (all shells) (7); Google Cloud (6); MySQL (6); Make (6)
Software Developer,archive3;archive4;naukri_datacsv,3,4362,JavaScript (1758); HTML (1345); SQL (990); jQuery (901); Java (852); CSS (723); MySQL (722); Python (701); .NET (622); PHP (577)
System Administrator,naukri_datacsv;stackoverflow_india,2,964,Windows (64); Linux (60); Troubleshooting (51); Networking (41); Unix (38); Python (36); DNS (35); Monitoring (33); System Administration (32); Active Directory (31)
System Analyst,archive3;archive4;naukri_datacsv,3,628,SQL (13); Python (13); Java (12); Linux (12); Troubleshooting (9); HTML (8); C# (7); .NET (7); Unix (7); SQL Server (7)
System Security / Security Analyst,naukri_datacsv;stackoverflow_india,2,391,Information security (27); Network security (17); Python (13); cyber security (13); JavaScript (11); C (10); Linux (9); Vulnerability Assessment (9); Security (8); Windows (8)
Team Lead / Technical Lead,archive3;archive4;naukri_datacsv,3,1834,JavaScript (139); Java (110); Python (92); HTML (90); SQL (90); jQuery (58); Web Services (52); MySQL (52); Linux (51); C (50)
Technical Architect,archive3;naukri_datacsv,2,1156,Architect (78); JavaScript (58); Java (51); SQL (43); HTML (37); Python (37); Technical Architect (35); SOAP (30); Solution Architect (28); J2Ee (27)
Technical Support Engineer,naukri_datacsv,1,735,Technical support (68); Troubleshooting (35); Linux (29); Networking (28); Windows (25); Application support (24); SQL (24); Customer support (18); Production support (17); Customer service (16)
Technical Writer,naukri_datacsv,1,144,Technical writing (19); Technical documentation (9); technical writer (8); documentation (5); Agile (4); XML (4); Project management (4); Content Writing (4); MS Office (3); Business Analysis (3)
Testing Engineer / QA,archive3;naukri_datacsv;stackoverflow_india,3,1100,Selenium (125); Automation Testing (107); Test cases (104); Manual Testing (92); Testing (83); Python (81); SQL (74); Java (71); Automation (66); Performance Testing (50)
Webmaster,naukri_datacsv,1,180,SEO (35); Link building (24); HTML (18); PPC (15); Search engine optimization (14); Google Analytics (10); Social media (9); SEM (9); Web analytics (8); website (8)
